﻿Designator,Footprint,Quantity,Value,LCSC Part #
"C1, C3",0805,2,1uF,C28323
"C2, C5, C7",0603,3,100nF,C14663
C4,0603,1,10uF,C96446
C8,0603,1,220pF,C1603
D1,0603,1,3V3,C2286
FB1,0603,1,600Ω@100MHz,C1002
J1,USB_C_Receptacle_XKB_U262-16XN-4BVC11,1,USB_C_Receptacle_USB2.0,C319148
J2,"TerminalBlock_Phoenix_MKDS-1,5-2_1x02_P5.00mm_Horizontal",1,I_IN,C8269
J3,SMA_Samtec_SMA-J-P-H-ST-EM1_EdgeMount,1,EDGE MOUNT SMA,C496550
R1,0603,1,0R,C21189
"R2, R3",0603,2,5.1k,C23186
"R4, R5",0603,2,330R,C23138
R6,0603,1,4.3k 0.1%,C666992
R7,0603,1,12k 0.1%,C326735
R8,0603,1,47R,C23182
SW1,SW_SPDT_PCM12,1,FILT_EN,C109335
SW2,SW_SPDT_PCM12,1,GAIN_SEL,C109335
U1,SOT-363_SC-70-6,1,TPD4E1U06DCKR,C194628
U2,SOT-89-3,1,HT7533-1,C14289
U3,SOT-23-5,1,COS721,C693056
U4,SOIC-8_3.9x4.9mm_P1.27mm,1,CC6920BSO-5A,C2880430
